"Status","Start Time","Stop Time","Duration in ms","Parent Suite","Suite","Sub Suite","Test Class","Test Method","Name","Description"
"broken","Thu Aug 18 18:35:17 BST 2022","Thu Aug 18 18:35:17 BST 2022","55","","","","NP-full-1-V5","","Test that the correct output is produced for the following set of data.","Location - features/FFF_CFE_Integration_V4/NP-full-1-V5.feature:107"
"broken","Thu Aug 18 18:35:17 BST 2022","Thu Aug 18 18:35:18 BST 2022","68","","","","NP-full-1-V5","","Test that the correct output is produced for the following set of data.","Location - features/FFF_CFE_Integration_V4/NP-full-1-V5.feature:212"
"broken","Thu Aug 18 18:35:18 BST 2022","Thu Aug 18 18:35:18 BST 2022","57","","","","NP-full-1-V5","","Test that the correct output is produced for the following set of data.","Location - features/FFF_CFE_Integration_V4/NP-full-1-V5.feature:265"
"broken","Thu Aug 18 18:35:18 BST 2022","Thu Aug 18 18:35:18 BST 2022","58","","","","NP-full-1-V5","","Test that the correct output is produced for the following set of data.","Location - features/FFF_CFE_Integration_V4/NP-full-1-V5.feature:319"
"broken","Thu Aug 18 18:35:18 BST 2022","Thu Aug 18 18:35:18 BST 2022","57","","","","NP-full-1-V5","","Test that the correct output is produced for the following set of data.","Location - features/FFF_CFE_Integration_V4/NP-full-1-V5.feature:372"
"broken","Thu Aug 18 18:35:18 BST 2022","Thu Aug 18 18:35:18 BST 2022","58","","","","NP-full-1-V5","","Test that the correct output is produced for the following set of data.","Location - features/FFF_CFE_Integration_V4/NP-full-1-V5.feature:424"
"broken","Thu Aug 18 18:35:18 BST 2022","Thu Aug 18 18:35:18 BST 2022","67","","","","NP-full-1-V5","","Test that the correct output is produced for the following set of data.","Location - features/FFF_CFE_Integration_V4/NP-full-1-V5.feature:476"
"broken","Thu Aug 18 18:35:18 BST 2022","Thu Aug 18 18:35:18 BST 2022","58","","","","NP-full-1-V5","","Test that the correct output is produced for the following set of data.","Location - features/FFF_CFE_Integration_V4/NP-full-1-V5.feature:528"
"broken","Thu Aug 18 18:35:17 BST 2022","Thu Aug 18 18:35:17 BST 2022","86","","","","NP-full-1-V5","","Test that the correct output is produced for the following set of data.","Location - features/FFF_CFE_Integration_V4/NP-full-1-V5.feature:55"
"broken","Thu Aug 18 18:35:17 BST 2022","Thu Aug 18 18:35:17 BST 2022","69","","","","NP-full-1-V5","","Test that the correct output is produced for the following set of data.","Location - features/FFF_CFE_Integration_V4/NP-full-1-V5.feature:159"
"passed","Thu Aug 18 18:35:16 BST 2022","Thu Aug 18 18:35:17 BST 2022","883","","","","NP-full-1-V5","","Test that the correct output is produced for the following set of data.","Location - features/FFF_CFE_Integration_V4/NP-full-1-V5.feature:4"
